{"meta":{"app":"https://ctjs.rocks/","version":"1.5.1","image":"a0.png","format":"RGBA8888","size":{"w":512,"h":512},"scale":"1"},"frames":{"Linus_stehen@frame0":{"frame":{"x":1,"y":1,"w":192,"h":96},"rotated":false,"trimmed":false,"spriteSourceSize":{"x":0,"y":0,"w":192,"h":96},"sourceSize":{"w":192,"h":96},"anchor":{"x":0.2942708333333333,"y":0.4635416666666667}},"Platform@frame0":{"frame":{"x":1,"y":99,"w":128,"h":32},"rotated":false,"trimmed":false,"spriteSourceSize":{"x":0,"y":0,"w":128,"h":32},"sourceSize":{"w":128,"h":32},"anchor":{"x":0,"y":0}},"Robot_Walking@frame0":{"frame":{"x":1,"y":133,"w":96,"h":96},"rotated":false,"trimmed":false,"spriteSourceSize":{"x":0,"y":0,"w":96,"h":96},"sourceSize":{"w":96,"h":96},"anchor":{"x":0.5,"y":1}},"Robot_Walking@frame1":{"frame":{"x":99,"y":133,"w":96,"h":96},"rotated":false,"trimmed":false,"spriteSourceSize":{"x":0,"y":0,"w":96,"h":96},"sourceSize":{"w":96,"h":96},"anchor":{"x":0.5,"y":1}},"Robot_Idle@frame0":{"frame":{"x":195,"y":1,"w":96,"h":96},"rotated":false,"trimmed":false,"spriteSourceSize":{"x":0,"y":0,"w":96,"h":96},"sourceSize":{"w":96,"h":96},"anchor":{"x":0.5,"y":1}},"Robot_Jump@frame0":{"frame":{"x":197,"y":99,"w":96,"h":96},"rotated":false,"trimmed":false,"spriteSourceSize":{"x":0,"y":0,"w":96,"h":96},"sourceSize":{"w":96,"h":96},"anchor":{"x":0.5,"y":1}},"Robot_Crouch@frame0":{"frame":{"x":293,"y":1,"w":96,"h":96},"rotated":false,"trimmed":false,"spriteSourceSize":{"x":0,"y":0,"w":96,"h":96},"sourceSize":{"w":96,"h":96},"anchor":{"x":0.5,"y":1}},"Robot_Crouch@frame1":{"frame":{"x":391,"y":1,"w":96,"h":96},"rotated":false,"trimmed":false,"spriteSourceSize":{"x":0,"y":0,"w":96,"h":96},"sourceSize":{"w":96,"h":96},"anchor":{"x":0.5,"y":1}},"Robot_Death@frame0":{"frame":{"x":295,"y":99,"w":96,"h":96},"rotated":false,"trimmed":false,"spriteSourceSize":{"x":0,"y":0,"w":96,"h":96},"sourceSize":{"w":96,"h":96},"anchor":{"x":0.5,"y":1}},"Linus_Laufen@frame0":{"frame":{"x":393,"y":99,"w":67,"h":96},"rotated":false,"trimmed":false,"spriteSourceSize":{"x":0,"y":0,"w":67,"h":96},"sourceSize":{"w":67,"h":96},"anchor":{"x":0.2736318407960199,"y":0.2934027777777778}},"Linus_Laufen@frame1":{"frame":{"x":1,"y":231,"w":67,"h":96},"rotated":false,"trimmed":false,"spriteSourceSize":{"x":0,"y":0,"w":67,"h":96},"sourceSize":{"w":67,"h":96},"anchor":{"x":0.2736318407960199,"y":0.2934027777777778}},"Linus_Laufen@frame2":{"frame":{"x":1,"y":329,"w":67,"h":96},"rotated":false,"trimmed":false,"spriteSourceSize":{"x":0,"y":0,"w":67,"h":96},"sourceSize":{"w":67,"h":96},"anchor":{"x":0.2736318407960199,"y":0.2934027777777778}},"Exit@frame0":{"frame":{"x":1,"y":427,"w":64,"h":64},"rotated":false,"trimmed":false,"spriteSourceSize":{"x":0,"y":0,"w":64,"h":64},"sourceSize":{"w":64,"h":64},"anchor":{"x":0,"y":0}},"Checkpoint@frame0":{"frame":{"x":67,"y":427,"w":64,"h":64},"rotated":false,"trimmed":false,"spriteSourceSize":{"x":0,"y":0,"w":64,"h":64},"sourceSize":{"w":64,"h":64},"anchor":{"x":0,"y":0}},"GreenCrystal@frame0":{"frame":{"x":70,"y":231,"w":64,"h":64},"rotated":false,"trimmed":false,"spriteSourceSize":{"x":0,"y":0,"w":64,"h":64},"sourceSize":{"w":64,"h":64},"anchor":{"x":0.5,"y":0.5}},"Heart@frame0":{"frame":{"x":70,"y":297,"w":64,"h":64},"rotated":false,"trimmed":false,"spriteSourceSize":{"x":0,"y":0,"w":64,"h":64},"sourceSize":{"w":64,"h":64},"anchor":{"x":0.5,"y":0.5}},"Rocks_Platform@frame0":{"frame":{"x":70,"y":363,"w":64,"h":40},"rotated":false,"trimmed":false,"spriteSourceSize":{"x":0,"y":0,"w":64,"h":40},"sourceSize":{"w":64,"h":40},"anchor":{"x":0,"y":0}},"Rocks_Top@frame0":{"frame":{"x":133,"y":405,"w":64,"h":64},"rotated":false,"trimmed":false,"spriteSourceSize":{"x":0,"y":0,"w":64,"h":64},"sourceSize":{"w":64,"h":64},"anchor":{"x":0,"y":0}},"Rocks@frame0":{"frame":{"x":136,"y":231,"w":64,"h":64},"rotated":false,"trimmed":false,"spriteSourceSize":{"x":0,"y":0,"w":64,"h":64},"sourceSize":{"w":64,"h":64},"anchor":{"x":0,"y":0}},"Spikes@frame0":{"frame":{"x":136,"y":297,"w":64,"h":64},"rotated":false,"trimmed":false,"spriteSourceSize":{"x":0,"y":0,"w":64,"h":64},"sourceSize":{"w":64,"h":64},"anchor":{"x":0,"y":0}},"Water@frame0":{"frame":{"x":199,"y":363,"w":64,"h":64},"rotated":false,"trimmed":false,"spriteSourceSize":{"x":0,"y":0,"w":64,"h":64},"sourceSize":{"w":64,"h":64},"anchor":{"x":0,"y":0}},"Water_Top@frame0":{"frame":{"x":199,"y":429,"w":64,"h":64},"rotated":false,"trimmed":false,"spriteSourceSize":{"x":0,"y":0,"w":64,"h":64},"sourceSize":{"w":64,"h":64},"anchor":{"x":0,"y":0}},"FakeRock@frame0":{"frame":{"x":202,"y":197,"w":64,"h":64},"rotated":false,"trimmed":false,"spriteSourceSize":{"x":0,"y":0,"w":64,"h":64},"sourceSize":{"w":64,"h":64},"anchor":{"x":0,"y":0}},"Level02Secret@frame0":{"frame":{"x":202,"y":263,"w":64,"h":64},"rotated":false,"trimmed":false,"spriteSourceSize":{"x":0,"y":0,"w":64,"h":64},"sourceSize":{"w":64,"h":64},"anchor":{"x":0,"y":0}},"Level01Secret@frame0":{"frame":{"x":265,"y":329,"w":64,"h":64},"rotated":false,"trimmed":false,"spriteSourceSize":{"x":0,"y":0,"w":64,"h":64},"sourceSize":{"w":64,"h":64},"anchor":{"x":0,"y":0}},"BierFlasche@frame0":{"frame":{"x":265,"y":395,"w":64,"h":64},"rotated":false,"trimmed":false,"spriteSourceSize":{"x":0,"y":0,"w":64,"h":64},"sourceSize":{"w":64,"h":64},"anchor":{"x":0.4479166666666667,"y":0.546875}}},"animations":{}}
